,itemLabel
0,20syl
1,2zer Washington
2,3010
3,404Billy
4,A2H
5,ASF
6,Admiral T
7,Al
8,Al Peco
9,Alibi Montana
10,Arm
11,B.e.Labeu
12,BRAV
13,Bakar
14,Bambi Cruz
15,Bazoo
16,Beeby
17,Bekar
18,Benash
19,Benjamin Epps
20,Benjamin Paulin
21,Beny Le Brownies
22,Bigflo & Oli
23,Black Kent
24,Blackapar
25,Blacko
26,Brav
27,Butter Bullets
28,Caballero
29,Charly Greane
30,D' de Kabal
31,Daddy Lord C
32,Damso
33,Dandyguel
34,Dany Dan
35,Dawala
36,Dee Nasty
37,Demi-Portion
38,Despo Rutti
39,Diabi
40,Diamond Deuklo
41,Diddi Trix
42,Dinaz
43,Dinos Punchlinovic
44,Djadja
45,Djamal
46,Djamatik
47,Don Choa
48,Doomams
49,Doudou Masta
50,Driver
51,East
52,Eklips
53,Ekoué
54,Elh Kmer
55,Escobar Macson
56,Fababy
57,Fabe
58,Fayçal
59,Fisto
60,Fixpen Sill
61,Franci$ Trash
62,Freeman
63,Furax Barbarossa
64,Fuzati
65,Féfé
66,Gaël Faye
67,Gims
68,Grand Corps Malade
69,Grems
70,Guts
71,Guy2Bezbar
72,HK
73,Hamza
74,Hamé
75,Heuss L'Enfoiré
76,Hooss
77,Hyacinthe
78,Iron Sy
79,J9ueve
80,JNR Slice
81,JR O Crom
82,James Delleck
83,Jazzy Bazz
84,Jeanjass
85,Joe Lucazz
86,Joey Star
87,Joke
88,Jorrdee
89,JuL
90,Kacem Wapalek
91,Kalash
92,Kamelancien
93,Karlito
94,Kemmler
95,Khali
96,Kofs
97,Kohndo
98,Koma
99,Kooly
100,L'Algérino
101,La Fouine
102,Lacraps
103,Larry
104,Lartiste
105,Le Rat Luciano
106,LeBoy Krisy'B
107,Leck
108,Leeroy
109,Limsa
110,Limsa d'Aulnay
111,Lionel D
112,Lonepsi
113,Lord Kossity
114,Lorenzo
115,Lucio Bukowski
116,Lujipeka
117,Luni Sacks
118,Lunikar
119,MC Janik
120,MC Jean Gab'1
121,MZ
122,Maj Trafyk
123,Majster
124,Manau
125,Mani Deïz
126,Medouze
127,Michaël Youn
128,Michel
129,Mike Lucazz
130,Missak
131,Missié GG
132,Moha K
133,Moha MMZ
134,Morsay
135,Moussa Mansaly
136,Mystik
137,Ménélik
138,NOR
139,NOS
140,Nakk
141,Nakk Mendosa
142,Narcisse
143,Neg'Marrons
144,Nelick
145,Niro
146,Nubi
147,Nusky
148,OGB
149,Oboy
150,Okis
151,Ol Kainry
152,Ol'Kainry
153,OldPee
154,PIHPOH
155,Panama Bende
156,Passi
157,Patee Gee
158,Pesoa
159,Piloophaz
160,Pink Tee
161,Prince Waly
162,R.E.D.K
163,Retro X
164,Riski
165,Rochdi
166,Rockin Squat
167,Rocé
168,Romeo Elvis
169,Roshi
170,Rouda
171,Rounhaa
172,S-Pi
173,Salif
174,Sat l'Artificier
175,Scylla
176,Seb
177,Senamo
178,Serane
179,Set&Match
180,Sheek
181,Shone d'Holocost
182,Sianna
183,Siboy
184,Sidisid
185,Sir Samuel
186,Six
187,Sly Johnson
188,Sofiane Zermani
189,Soon E MC
190,Stomy Bugsy
191,Suikon Blaz AD
192,Sultan
193,Swagg Man
194,Swift Guad
195,Syrano
196,TLF
197,Taïpan
198,Teki Latex
199,Tepr
200,The Shin Sekaï
201,Tiitof
202,Titan
203,Tito Prince
204,Tsew The Kid
205,Twinsmatic
206,Usky
207,VII
208,Vicelow
209,Volts Face
210,Wacko
211,Yannick
212,Young Chang Mc
213,Younès Boucif
214,Youssoupha
215,ZKR
216,Zamdane
217,Zekwé Ramos
218,Zesau
219,Zoxea
220,The-shin-sekai
221,Lavokato
222,Lindis
